time,open,high,low,close,"ETHUSD, BITSTAMP: Open","ETHUSD, BITSTAMP: High","ETHUSD, BITSTAMP: Low","ETHUSD, BITSTAMP: Close",HV
1596326400,387.4,415,325.75,372.21,387.42,415.67,325,371.96,65.23448852545884
1596412800,372.19,399.69,366.34,386.22,372.42,398.52,367,386.3,65.59901244954999
1596499200,386.27,403.64,380.67,389.82,386.3,403.54,380.87,389.75,65.08433055617195
1596585600,389.76,408,383.86,401.21,390.95,407.7,383.6,401.21,63.52385680737574
1596672000,401.21,404.03,391,395.28,401.23,404,389.64,394.9,63.823624510384924
1596758400,395.28,398.57,362.88,379.75,394.94,398.65,360,379.71,66.45862576490828
1596844800,379.76,400.06,376.18,397.51,379.6,397.64,376.41,397.48,66.08060815512012
1596931200,397.5,401,384.02,390.41,397.53,400.5,383.48,390.32,66.80698559880135
1597017600,390.41,400.21,385.44,395.78,391.36,400.51,384.61,395.99,66.24824764911024
1597104000,395.77,398.3,364.77,378.88,395.57,398.43,366.22,378.98,69.4173424956431
1597190400,378.92,389.57,365.19,387.27,378.71,389.3,365.41,387.31,68.692510716743
1597276800,387.27,432.94,376.46,424.94,387.41,431.8,375.8,424.9,73.39695369418675
1597363200,425,445.45,417.52,438.83,425.43,444.8,418,438.72,72.85407196450323
1597449600,438.83,443.33,428,432.55,438.72,443.11,422.01,432.78,72.44287671743963
1597536000,432.67,437,412.51,433.7,432.55,437.11,412.43,434.05,72.23076760702786
1597622400,433.71,447.5,420.5,431.5,434.27,447,420.38,430.86,72.73413323945907
1597708800,431.5,434.27,414.44,422.31,431.26,434.41,413.23,422.09,74.11150225125029
1597795200,422.31,426.97,393.75,407.59,422.15,426.82,393,407.43,75.6790425037156
1597881600,407.6,419.58,402.3,415.92,408.25,419.36,402.33,416.18,75.3013912611608
1597968000,415.92,418.92,385,388.05,416.19,419,383,388.11,78.30451328791766
1598054400,388,399.73,379.53,395.62,387.72,396.92,379.4,396.12,77.64839314651685
1598140800,395.52,400,383.67,390.9,395.57,397.44,383.66,390.86,78.0790354327052
1598227200,390.78,411.97,387.72,407.76,390.98,410.47,387.65,408.28,73.92526802125171
1598313600,407.76,409.31,369.36,383.33,407.8,409.01,368.88,383.78,77.77793557982785
1598400000,383.26,393.5,377.56,386.1,383.1,393.38,376.38,386.14,77.16714782852871
1598486400,386.12,397.15,371.5,383.25,386.25,397.46,368.5,383.43,76.97457348563277
1598572800,383.27,398.16,379.67,395.47,383.43,398.32,379.83,395.42,77.43315749046063
1598659200,395.35,405.82,392.34,398.58,395.35,405.91,392.43,398.58,75.75433369171607
1598745600,398.57,429.9,398.24,428.94,398.66,430,398.44,428.92,78.69588823092651
1598832000,428.92,439,418.16,433.89,428.78,439.58,418.21,434,69.66606838996239
1598918400,433.88,488.95,429.66,475.57,434,489,429.61,475.59,74.10020387481876
1599004800,475.57,481.2,420.58,440.02,475.57,481.64,420.01,439.92,78.9539757024635
1599091200,439.99,451,370,382.87,440.24,451.42,372.13,382.47,92.98311820000772
1599177600,382.15,400.5,359,388.96,381.65,400.69,360.98,385.94,92.58865321288468
1599264000,389.2,394.38,310,335.25,385.65,394.86,309.7,334.91,105.48072755428964
1599350400,335.25,360.61,316.43,352.77,334.77,360.66,316.49,352.76,106.46333753489647
1599436800,352.85,358.66,323.17,353.71,353.5,358.65,323.28,353.53,105.10890033072674
1599523200,353.71,357.01,325.36,337.48,353.76,356.41,325.34,337.28,106.04707877290952
1599609600,337.48,359.41,330.6,351.1,337.12,359.34,330.72,351.21,106.96551212323577
1599696000,351.11,377.79,350.23,368.06,350.86,377.84,350.19,367.9,107.40334236646493
1599782400,367.94,375.38,355.81,373.93,368.49,375.42,355.52,374.06,107.26599102867252
1599868800,373.93,388.25,364.88,387.81,374.07,388.23,364.73,387.58,102.90934597309172
1599955200,387.82,390.41,353.58,366.58,387.72,390.55,353.05,366.48,103.69547225464053
1600041600,366.58,384.61,355.66,377.28,366.55,385,356.06,377.25,104.32465429388299
1600128000,377.27,382.76,362.5,364.2,377.25,382.35,362.07,364.03,104.81575308981341
1600214400,364.05,373.37,355,365.23,363.78,373.38,354.85,365.11,104.85760335103188
1600300800,365.22,394.55,363.4,389.45,364.8,394.32,363.33,389.27,107.36138713230255
1600387200,389.52,392.69,375.19,384.64,389.11,392.53,375.54,384.84,106.79470543038961
1600473600,384.6,388.43,377.2,385.23,383.49,388.36,377.11,385.5,106.51473706210817
1600560000,385.25,385.31,364.89,370.69,384.98,385.38,364.94,370.86,104.6686667268954
1600646400,371.03,376.76,331,340.11,371.04,376.47,330.77,340.18,108.29493357400199
1600732800,340.36,346.84,335.57,344.26,340.35,346.74,335.48,344.04,108.42228057341684
1600819200,344.25,344.64,313,320.63,344.38,344.61,313,320.17,109.47494767794171
1600905600,320.65,353.14,316.65,349.14,320.58,353.26,316.83,349.03,112.25949301036945
1600992000,349.14,358.12,337.63,352.11,348.83,358.03,337.78,351.51,112.27453962468931
1601078400,352.12,356.5,346.03,354.13,352.6,356.62,346.19,353.92,112.3031153406005
1601164800,354.01,362.86,347.05,357.55,354.23,362.25,347.16,357.39,111.74741680257043
1601251200,357.53,368.52,351.88,353.91,357.86,368.35,352,353.95,111.69899078106509
1601337600,353.68,360.59,350.19,359.9,352.4,360.8,350.25,359.8,108.57115004279294
1601424000,359.93,361.51,351.38,359.89,359.91,361.34,351.29,359.94,108.41941033053462
1601510400,360.01,370.25,345.01,352.9,360.03,369.69,345.01,352.95,102.75621168085078
1601596800,352.84,354.25,334.19,345.7,351.95,354.29,334.46,345.68,100.00511790801227
1601683200,345.74,351.2,343.71,346.18,345.84,351.26,344.03,346.31,88.55054781574883
1601769600,346.18,354.35,344.08,352.48,345.88,354.14,344.16,352.68,88.61317201432271
1601856000,352.42,356.12,348.69,353.73,352.6,356.04,348.46,353.64,72.07522897541936
1601942400,353.82,355.33,336.73,340.78,354.88,355.1,336.85,340.77,71.09994666495746
1602028800,340.8,342.83,332.87,341.68,340.66,342.96,332.93,341.86,71.09979334966496
1602115200,341.7,353.34,334.29,351.25,342,353.45,333.82,351.25,69.8423804561513
1602201600,351.17,368.7,347.15,365.36,351.06,368.45,339.91,365.51,69.83042621893662
1602288000,365.35,380.81,365.02,370.75,365.2,378.51,365.11,371.06,68.10161419290107
1602374400,370.73,377.49,369.02,374.38,370.71,377.55,369.37,374.33,67.96417586943328
1602460800,374.37,395.18,365.77,386.74,374.13,395.44,365.68,386.43,67.71888564700996
1602547200,386.77,387.88,374.29,381.37,387.23,387.8,374.19,381.5,64.94376496338283
1602633600,381.37,387.63,373.29,378.97,381.47,387.62,373.08,378.86,64.25024735583375
1602720000,379.01,381.99,370.06,377.94,378.43,382,370.15,377.88,63.02412764607801
1602806400,377.89,380,361.38,365.57,377.88,379.95,361.34,365.61,64.11990820404262
1602892800,365.57,370.57,363.56,368.48,365.77,370.65,363.62,368.56,60.0416192663932
1602979200,368.48,378.69,367.31,378.58,367.8,378.64,367.6,378.48,60.71713887560743
1603065600,378.56,384.69,372.89,379.36,378.58,384.7,372.81,379.17,60.71957759026391
1603152000,379.53,380.9,364.04,368.81,379.47,380.95,364.25,368.68,60.036649750162226
1603238400,368.81,402.62,368.06,391.53,369.06,402.46,368.2,391.59,55.29046318377321
1603324800,391.36,421.47,391.33,414.7,391.3,421.52,391.3,414.56,58.1476756891563
1603411200,414.64,419.48,401.51,409.52,414.12,419.51,401.5,409.76,51.79644904372806
1603497600,409.55,417,407.4,412.58,409.97,416.91,407.82,412.62,44.005980399997355
1603584000,412.58,417.86,402.92,406.46,412.36,418.13,403.2,406.28,44.54722488544326
1603670400,406.32,411.47,382.21,393.12,406.2,411.26,382.5,393.11,46.42496522109433
1603756800,393.07,411.77,390.35,404.55,393.36,410.88,390.39,403.91,47.18439964862117
1603843200,404.56,409.52,380.5,388.63,403.45,409.31,380.36,388.6,49.35657639667587
1603929600,388.59,394,380.75,387.6,389,394.02,380.53,387.34,49.1515895039862
1604016000,387.49,392.16,373.4,382.77,387.65,392.07,373.73,382.61,49.41558121255365
1604102400,382.77,394,380.76,386.74,382.49,394,380.79,387.01,48.882010135814134
1604188800,386.72,397.65,385.09,396.91,386.31,398.13,385,396.78,48.74775329545511
1604275200,396.91,404.57,378.36,383.33,397.14,404.5,378.23,383.86,50.584699202491805
1604361600,383.33,390.35,370.5,388.32,383.33,390.63,370.43,388.42,50.43513317069451
1604448000,388.33,409,376.64,403.18,388.8,408.81,375.05,403.06,51.79142300330259
1604534400,403.19,421.25,396.43,417.17,403.33,421.43,395.93,417.05,50.578695272516065
1604620800,417.29,458.92,415.57,456.65,418.02,458.7,415.86,456.3,58.110963395248824
1604707200,456.69,468.98,423,435.73,456.35,468.91,424.17,435.46,60.86369272219315
1604793600,435.59,460.57,432.65,454.61,435.09,460.86,432.86,454.83,61.06741443841026
1604880000,454.61,460,433.83,444.81,454.47,459.74,434.26,444.28,61.8071748637979
1604966400,444.84,455.51,439.36,450.89,445.14,455.25,439.09,450.55,61.84884818880759
1605052800,450.89,476.8,449.95,463.79,451.26,477,449.97,464.33,61.64495295294661
1605139200,463.75,470.56,452.07,462.98,463.29,470.43,451.63,463.06,61.30292284410486
1605225600,462.91,478.31,457.64,477.14,464,478.51,457.85,477.18,61.65162967735078
1605312000,477.15,478,452.17,461.16,477.3,478.35,451.88,461.31,63.21221812878138
1605398400,461.21,463.24,439.77,448.58,460.94,463.46,440.6,448.45,62.80861408986617
1605484800,448.6,466.21,445.91,460.85,448.51,466.49,445.91,460.57,63.188376198183384
1605571200,460.87,485,460.05,482.68,460.49,485.36,460.4,482.96,64.24952568368624
1605657600,482.75,495.68,456.5,478.96,482.5,496,458.33,478.71,64.44904952140331
1605744000,479,480.99,465.18,471.92,479.68,481.1,465,471.9,63.69863152421881
1605830400,471.92,514.73,471.07,510.43,471.98,514.72,471.32,510.35,65.82289249942502
1605916800,510.6,554.28,502.82,553.07,510.53,554,503.1,552.96,68.28362200888422
1606003200,553.06,581.8,511.16,560.82,553.18,581.92,511.25,561.26,67.84018718406543
1606089600,560.78,611.43,550,609.26,561.73,611.67,549.99,609.35,72.21659852863172
1606176000,609.26,623.22,587.25,605.45,609.25,623.65,589.97,605.72,71.86883217218772
1606262400,605.45,606.49,554,568.79,605.17,606.61,554.26,569.64,74.79903774453452
1606348800,569.19,577,480.08,520.34,569,576.99,480.74,520.21,82.19338830097615
1606435200,520.35,531.41,493.51,519.07,521.07,531.12,493.97,518.65,80.48373190293634
1606521600,519.04,548.83,505.01,538.11,519.39,548.65,506.51,537.92,80.85669364873323
1606608000,537.97,577.55,531,576.76,537.4,577.18,530.54,576.6,82.81836480030061
1606694400,576.9,617,571.11,617,576.97,617,570.76,617,84.8300152361014
1606780800,617,636.53,563.01,586.03,617,636.93,562.74,586.16,87.78357784639442
1606867200,585.87,604.96,575.08,597.35,585.69,604.99,575.24,598.2,86.14368176178868
1606953600,597.03,624.57,586.11,616.65,596.45,624.36,586,616.74,86.3370251245486
1607040000,616.46,620.56,566,567.6,616.26,620.92,565.83,567.78,92.25665181667375
1607126400,567.76,597.88,561.15,597.29,567.21,597.91,561,597.16,92.94102243964348
1607212800,597.29,607.46,583.31,601.95,598,607.41,583.5,602.47,88.67634621075176
1607299200,601.97,603.4,584.54,591.47,602.98,602.98,584.71,591.65,86.97273652898365
1607385600,591.53,595.47,548.12,554.79,591.66,595.45,548.68,554.72,89.78813864932609
1607472000,554.8,578.67,530.32,573.38,554.59,577.91,530.36,573.44,89.64203519128657
1607558400,573.26,575.62,547.83,559.45,573.75,574.9,548.38,558.11,90.33031263711378
1607644800,559.33,560.62,535.5,544.23,559.57,560.05,535.03,543.76,90.77617842319282
1607731200,544.51,574.33,543.22,568.64,543.38,574.52,543.38,568.2,91.68713414292685
1607817600,568.64,595.21,563.79,590.75,568.07,595,563.68,590.71,91.97559373761857
1607904000,590.45,591.71,575.58,586.39,590.5,591.64,575.59,586.17,90.97219277254281
1607990400,586.4,597.04,579.15,589.08,586.49,597.61,579,589.04,90.10210984566388
1608076800,589.08,639.58,581.21,637.98,589.12,639.92,581,638.31,93.14294572809179
1608163200,637.91,677.05,626.79,643.37,638.45,676.94,625.86,643.71,92.2913651345754
1608249600,643.26,664.46,629.59,654.66,644.67,664.42,628.6,655,92.11997314924024
1608336000,654.66,672.06,646.54,658.96,655,671,645.97,658.71,91.69869240303329
1608422400,658.8,661.4,621.46,638.4,658.92,661.39,621.55,638.49,89.61740724591485
1608508800,638.19,648.35,596.9,608.07,637.88,648.16,595.22,607.77,87.76607811003294
1608595200,608.07,638.5,587.54,636.82,608.39,638.19,587.59,637.23,88.93779726398607
1608681600,636.73,638.75,551.45,585.11,637.22,638.8,550,585.43,89.47818988472963
1608768000,585.37,614.99,565.61,612.27,584.86,614.95,565.67,612.23,90.87445020556709
1608854400,612.25,633.97,604.26,626.75,613.25,633.47,604.2,626.78,88.38720738672914
1608940800,626.71,652.7,615.22,636.52,626.82,652.73,615.5,636.49,82.16160999971737
1609027200,636.85,714.99,625.01,684.12,638,714.99,624.49,683.6,85.07734941236149
1609113600,684.11,747,680.9,729.7,683.85,747,680.67,729.63,86.71430403192238
1609200000,729.65,739.66,688,731.76,729.31,739.81,688.98,731.8,84.15105555801928
1609286400,731.79,759,717,752.86,733.57,758.5,716.83,752.71,81.82582044976704
1609372800,752.87,755.9,724,737.67,753.31,755.9,722.35,737.24,79.80722679473688
1609459200,737.89,750,717.1,730.99,737.5,750.34,716.24,731.18,79.90110275684755
1609545600,730.97,789.21,715.22,775.3,731.99,788.82,717,775.59,81.45717312439945
1609632000,775.29,1015.14,770,980.44,775.4,1014.7,769.95,979.33,107.26246486047508
1609718400,980.44,1168.99,886.33,1042.38,980.23,1169.97,890,1042.95,107.70131311260283
1609804800,1042.24,1136.93,975,1103.73,1045.65,1136,975,1102.97,108.42985575067755
1609891200,1103.71,1215.98,1058.32,1212.02,1102.97,1215,1059.73,1212.85,110.40168147479028
1609977600,1212.68,1291.94,1140,1227.34,1213.21,1291,1150,1226.56,106.01706784335735
1610064000,1227.55,1275,1063.18,1217.35,1229.76,1275.74,1065,1217.84,106.6471821076112
1610150400,1217.31,1310,1172.86,1281.45,1219.76,1309.98,1171.88,1280.11,105.51531026165759
1610236800,1281.25,1350.88,1153,1255.13,1282.4,1352.85,1146.34,1256,105.10576916934073
1610323200,1255.1,1260.24,905,1088.79,1258.23,1258.23,911,1087.82,119.97027427491341
1610409600,1088.55,1150,1006.83,1049.79,1086.46,1152,1005.04,1048.42,121.4425885812945
1610496000,1050.46,1137.75,980,1130.8,1048.9,1137.09,985.29,1130.76,122.49740488362056
1610582400,1130.79,1246.99,1087.05,1231.32,1130.42,1246.54,1086.69,1233.01,124.2170556521716
1610668800,1231.59,1255.59,1065,1168.1,1233.84,1255.52,1059.55,1170.93,125.35995590383543
1610755200,1169.04,1294,1152.3,1227.14,1169.71,1293.18,1152.51,1228.19,125.6777839075898
1610841600,1227.76,1268.83,1165.78,1232.99,1226.44,1268.87,1166.08,1232.95,125.80299455018613
1610928000,1232.6,1261,1181.9,1258.48,1233.23,1261.3,1182.8,1257.86,125.69757333525796
1611014400,1258.55,1440,1252.01,1368.04,1258.64,1440,1251.49,1369.62,125.96508388857173
1611100800,1367.7,1408.5,1234.01,1376.88,1368.05,1408.28,1235.12,1377.8,123.41369656191289
1611187200,1377.15,1390,1081,1110.62,1378.36,1389.49,1081.22,1110.37,148.47407536827828
1611273600,1110.61,1275.99,1039.62,1233.6,1110.48,1275.57,1041.22,1234.77,146.66983891406963
1611360000,1233.42,1272,1196.74,1234.55,1232.26,1273,1196.22,1234.52,146.70861065774787
1611446400,1234.47,1401.92,1221.66,1394,1233.88,1400,1221.84,1393.5,150.51621662486346
1611532800,1394.04,1477.3,1293.65,1317.97,1393.86,1476.06,1293.2,1317.92,153.14012951533866
1611619200,1317.98,1378.12,1245,1367.98,1316.21,1378.34,1245.25,1367.96,152.27877088785309
1611705600,1367.97,1375.91,1206.05,1240.96,1366.91,1375,1205.98,1240.62,156.97758011964987
1611792000,1240.62,1363.27,1220.08,1333.19,1240.62,1364,1219,1331.71,157.95701349345177
1611878400,1333.61,1442.88,1286.56,1379.87,1332.47,1440,1287.61,1379.35,158.00923904981406
1611964800,1380.04,1408.97,1327,1380,1380.94,1407.67,1326.81,1378.15,157.5247428540354
1612051200,1380,1382,1283,1313.94,1374.46,1381.13,1282.48,1314.17,159.0385191720099
1612137600,1313.95,1378.02,1271.31,1374.6,1313.19,1377.76,1271.8,1375.28,158.69526078191288
1612224000,1374.55,1549,1360.27,1513.67,1375.65,1549.21,1362.85,1513,142.0369535082041
1612310400,1513.85,1672.21,1509.48,1668.72,1513.62,1673.34,1507.61,1667.28,144.0204984723563
1612396800,1668.71,1699,1556,1597.55,1669.23,1698.56,1555.26,1598.89,144.63248497409077
1612483200,1597.34,1763.93,1589.17,1721.06,1598.15,1764.55,1593,1721.04,143.46913982180612
1612569600,1721.06,1745.25,1646.7,1679.77,1721.72,1745.52,1647.76,1679.46,143.99732630017223
1612656000,1679.76,1695.38,1493.28,1615.32,1680.03,1695.09,1492.6,1615.44,144.87315194333786
1612742400,1615.51,1780,1565.98,1752.98,1615.77,1779.43,1566.21,1752.3,146.31459290958122
1612828800,1752.98,1824.23,1710.01,1772.16,1754.07,1825.36,1708.21,1772.94,145.89554587097206
1612915200,1771.91,1839,1680,1742.93,1773.72,1839,1678.67,1743.14,135.81142798272782
1613001600,1742.51,1819,1704.23,1787.32,1745.21,1819,1704.87,1788.18,134.57053008116458
1613088000,1787.33,1868.9,1741.29,1845,1787.64,1868.8,1741.16,1845.93,133.1768486963896
1613174400,1844.78,1877.88,1766.15,1818.01,1845.74,1874.98,1765.54,1817.2,131.28715697609073
1613260800,1817.85,1852.47,1785.07,1803.75,1820.26,1853.3,1785.93,1802,129.44497758710696
1613347200,1803.25,1836,1659.93,1779.62,1803.43,1839.25,1660,1780.19,129.18018325012102
1613433600,1780.59,1825,1725,1781.97,1779.6,1826.23,1723.67,1781.16,129.21026311735645
1613520000,1782.14,1857.61,1733.87,1852,1783.75,1857.79,1733.46,1851.26,129.49818532048488
1613606400,1851.9,1950.3,1851.47,1939.64,1852.07,1951.26,1852.07,1939.05,127.6447462125038
1613692800,1939.64,1974.98,1890,1957.68,1942.87,1974.99,1890.69,1958.16,127.63444958161784
1613779200,1957.9,2041.42,1811.25,1915.46,1957.84,2040.62,1801.94,1916.4,100.13511376717796
1613865600,1915.01,1976.72,1885,1935.57,1915.03,1976.94,1885.29,1935.24,95.29058886948432
1613952000,1935.67,1938.95,1507.34,1778.66,1936.27,1937.11,1540.58,1778.72,101.1533582234105
1614038400,1778.33,1783.22,1356,1577.83,1778.36,1782.06,1352.89,1578.14,103.25583743504158
1614124800,1577.84,1714,1500.28,1625.3,1578.21,1714.77,1500,1625.51,101.34115956709837
1614211200,1625.27,1672.49,1458.5,1482.62,1623.76,1672.91,1458.85,1480.16,106.20885237145919
1614297600,1482.05,1564.11,1400.01,1445.18,1480.21,1563.83,1400,1447.06,100.68088809113942
1614384000,1445.09,1526.82,1420,1460.57,1445.19,1527.7,1427.43,1459.03,97.90487512814505
1614470400,1460.49,1469.96,1292.76,1422.02,1457.78,1469.74,1293.42,1421.77,97.76714222603795
1614556800,1421.8,1574.28,1412.61,1571.82,1424.29,1573.31,1413.44,1570.83,103.5077162172226
1614643200,1571.87,1605.89,1455.86,1488.34,1572.12,1604.99,1455,1488.8,103.87078484734948
1614729600,1488.34,1657.91,1476.72,1567.86,1487.03,1658,1478.61,1568,104.22930027284156
1614816000,1568.4,1625,1504.06,1539.69,1568.11,1625.39,1504.16,1538.23,99.21039168645777
1614902400,1539.53,1551.19,1442.32,1528.82,1540.71,1549.29,1441.25,1527.29,93.06896637164213
1614988800,1528.82,1673.02,1512.45,1651.83,1530.03,1672.98,1513.72,1651.16,95.8431459765196
1615075200,1651.75,1735,1631.07,1728.22,1652.87,1735,1630.39,1727.3,93.6178660224056
1615161600,1727.95,1843.99,1664.08,1834.58,1729.6,1842.52,1665.76,1835.06,95.36814723838
1615248000,1834.88,1872.26,1800,1871.99,1836.88,1872.78,1798.57,1872.78,94.34910273859191
1615334400,1871.93,1879,1756.29,1795.37,1873.23,1879.69,1758.79,1793.51,91.57695106911416
1615420800,1795.55,1847,1725,1827.04,1794.46,1848.47,1723.84,1826.23,91.6933738459486
1615507200,1826.53,1841.96,1721.15,1767.79,1827.37,1842.17,1720.55,1767.48,92.24537738090307
1615593600,1766.76,1944,1728.3,1921.61,1767.76,1943.32,1728.25,1920.98,96.22222427482717
1615680000,1921.76,1931.97,1836.61,1848.9,1922.22,1931.6,1837,1848.37,96.63469251916298
1615766400,1848.56,1893.75,1734.87,1795.07,1847.52,1890,1732,1793.21,97.04340379344758
1615852800,1794.08,1819.2,1706.25,1806.03,1795.47,1820,1711.89,1805.65,97.03109362838302
1615939200,1805.7,1841.13,1742,1824.74,1807.71,1840.98,1741.08,1822.3,96.97088402737063
1616025600,1824.45,1850,1758.4,1776.4,1829.74,1850,1758.53,1776.02,97.43380632733194
1616112000,1776.4,1840.69,1734.29,1809.38,1776.11,1841,1732.17,1809.44,96.70357438462861
1616198400,1808.95,1869,1800.55,1806.47,1810.84,1869.2,1800,1803.79,95.25481204432613
1616284800,1806.04,1818.86,1748.25,1784,1804.94,1816.79,1745,1783.59,95.22409254719351
1616371200,1784.11,1806.39,1657.17,1681.02,1783.99,1808.34,1654.3,1681.69,96.98341119058688
1616457600,1681.4,1723.61,1651.58,1668.09,1682.74,1722.15,1651.3,1670.16,96.84621769572148
1616544000,1668.37,1740.91,1545.77,1581.79,1668.38,1739.61,1520,1582.94,94.2700418251587
1616630400,1581.97,1622.27,1548.69,1587.08,1581.08,1680,1549.15,1586.26,84.83756743273419
1616716800,1587.01,1700.7,1586.81,1700.1,1586.48,1701.29,1586.48,1699.37,87.51110858879719
1616803200,1699.97,1732.85,1666.4,1713.88,1700.28,1732.5,1666.57,1713.6,81.00609366386851
1616889600,1713.96,1725.71,1662,1686.92,1714.07,1725.64,1661.79,1686.5,80.62982715918704
1616976000,1686.92,1841.88,1675.28,1815.73,1686.84,1842,1676.32,1817.22,83.97120731716022
1617062400,1815.73,1860,1785.77,1841.16,1816.61,1860.2,1785.6,1842.12,83.12140187704074
1617148800,1841.03,1948,1771.94,1920,1842.06,1947.49,1770.18,1917.91,77.52970149629616
1617235200,1919.99,1982.21,1886.11,1968.38,1922.85,1982,1884.88,1967.82,74.6276955028209
1617321600,1968.74,2145,1948.67,2134.68,1968.46,2144.99,1949.77,2134.56,77.27035311429178
1617408000,2134.38,2139.33,2000,2009.25,2135.74,2138.26,1996.16,2008.28,80.47206179508692
1617494400,2008.97,2093.07,1980,2076.36,2007.75,2092.58,1978.21,2075.74,80.67389603233217
1617580800,2076.31,2131.27,2003.1,2106.98,2077.1,2131.37,2002.22,2107.23,77.10735572245328
1617667200,2107.45,2151,2046.08,2113,2108.82,2151.63,2043.83,2112.69,75.9882141650842
1617753600,2113.55,2128.99,1929.69,1964.23,2112.69,2129.39,1930,1963.08,78.31801736003644
1617840000,1964.69,2084.54,1949.34,2081.29,1963.44,2084.95,1949,2081,80.4064009587392
1617926400,2081.29,2100,2048.41,2066.03,2082.02,2100,2048.41,2065.93,78.8979204133302
1618012800,2066.5,2195,2057.2,2133.08,2066.78,2197,2057.34,2134.22,79.33774977221232
1618099200,2133.07,2163.18,2112.58,2150.54,2135.38,2163.55,2112.32,2148.15,78.1781590148636
1618185600,2150.54,2199.11,2102.55,2138.03,2150.76,2200,2098.56,2136.77,73.33908816546584
1618272000,2138.02,2317.3,2135.9,2299.92,2137.73,2317.23,2135,2299.69,75.48992939729091
1618358400,2300.01,2446.91,2283.26,2432.54,2300.31,2446.96,2282.31,2432.63,76.11573716681401
1618444800,2432.16,2546.82,2401.25,2517.03,2433.79,2546,2400,2517.35,76.54140007477645
1618531200,2517.03,2548,2305,2426.64,2518.24,2548.93,2301.75,2426.19,78.26684923815897
1618617600,2426.64,2497.84,2305.55,2318.7,2427.08,2497.39,2312.87,2317.11,79.5713764447158
1618704000,2319.11,2341,2000,2241.46,2317.12,2341.68,1951.66,2241.5,80.82055872874882
1618790400,2241.67,2282.6,2050,2163.82,2242.95,2280.79,2077.42,2163.77,82.07734419721037
1618876800,2163.69,2349.5,2054.25,2332.6,2164.37,2349.81,2055,2333.71,85.11495665850464
1618963200,2332.18,2471.72,2237.02,2357.21,2334.34,2470.53,2238.48,2358.13,81.58350064100041
1619049600,2357.74,2646.2,2304,2399.99,2362.05,2645.97,2300,2400,81.3314031458466
1619136000,2399.21,2442.29,2040,2370.05,2397.88,2442.89,2106.65,2369.77,78.51274629978185
1619222400,2369.8,2371.18,2158.36,2216.72,2369.69,2369.97,2157.61,2217.33,83.17122179866432
1619308800,2216.18,2358.22,2166,2322.16,2217.33,2358,2166,2321.81,81.6265785650672
1619395200,2322.43,2542.04,2306.03,2534,2323.31,2544.98,2306.75,2534.69,85.76955787261969
1619481600,2533.99,2683,2484.56,2667.86,2534.92,2683.65,2483.76,2668.89,86.11787863994093
1619568000,2667.86,2762.59,2551,2751.59,2669.01,2763.75,2561.44,2750.37,83.81531976842818
1619654400,2751.56,2800,2672,2758.92,2751.52,2800.89,2671.33,2758.06,83.9031906336933
1619740800,2758.92,2800,2727,2776.45,2759.56,2802.06,2726.49,2777.11,83.32082349279956
1619827200,2776.76,2955.9,2757.28,2948.92,2776.06,2956,2758.57,2947.57,84.84088781120462
1619913600,2948.92,2986,2855.29,2952.09,2949.03,2986.01,2853,2951.78,81.4505970888564
1620000000,2952.21,3457.75,2952.08,3433.99,2951.93,3457.64,2951.93,3430.16,90.7257136074216
1620086400,3433.99,3534.5,3166.12,3240.01,3434.32,3530,3167.66,3238.42,94.19765749369647
1620172800,3239.61,3550,3201.33,3529.97,3241.69,3559.97,3208.19,3528.2,97.2829601216543
1620259200,3529.96,3610.91,3381.11,3492.75,3529.26,3610.04,3380.01,3490.33,97.6331381082365
1620345600,3492.33,3595.07,3356.69,3484.7,3494.27,3595,3355.2,3483.81,92.60605877922244
1620432000,3484.69,3962.44,3455,3917.26,3486.27,3960,3452.75,3915,97.69789587518575
1620518400,3917.26,3984,3726.29,3928.44,3917.16,3985,3730.25,3928.05,97.3986066743139
1620604800,3928.41,4213.85,3650.01,3949.45,3929.72,4200,3655,3950.36,97.476375685586
1620691200,3949.45,4183.25,3760,4179.76,3947.86,4185,3775.74,4179.47,98.14471330152449
1620777600,4179.77,4384.43,3700,3826.37,4180.12,4380.64,3750,3810.19,104.85591090751966
1620864000,3826.37,4055.62,3525.62,3719.23,3802.47,4040.65,3543.62,3720.21,104.31528749603125
1620950400,3719.22,4177.77,3695,4080.51,3717.15,4178.11,3693,4080.31,106.75498368593792
1621036800,4080.51,4138,3632,3649.54,4079.79,4135.74,3629.61,3646.01,115.30864575849385
1621123200,3648.16,3878.23,3334.88,3585.62,3647.66,3881.2,3340.99,3585.36,114.5116990582823
1621209600,3584.79,3590,3101,3283.32,3582.29,3590.32,3117.09,3281.32,118.03531307153308
1621296000,3283.32,3567.4,3241.06,3375.96,3284.54,3570.48,3243.71,3380.57,117.0356640964653
1621382400,3376.98,3444.96,1900,2443.91,3379.1,3441.5,1850,2446.91,163.9085110964422
1621468800,2443.91,2999.99,2156,2775.07,2446.91,3000,2160,2774.37,167.57720147004258
1621555200,2775.06,2950,2105,2434.86,2773.8,2944.36,2102.86,2436.11,173.97683027572293
1621641600,2434.86,2486.29,2156,2297.19,2433.97,2489.23,2157.72,2296.31,175.03490618949056
1621728000,2296.68,2382,1728,2099.58,2291.91,2381.42,1730,2098.33,177.62505332807936
1621814400,2100.07,2678.25,2072.15,2651.24,2101.62,2678.99,2084.57,2651.7,193.7979361576587
1621900800,2649.22,2768,2383.39,2707.56,2650.14,2788,2386,2704.31,193.34682941227473
1621987200,2707.75,2913.68,2647.21,2889.84,2713.41,2915.31,2646.36,2889.65,192.34805941181605
1622073600,2889.43,2893.96,2639.32,2745.51,2890.39,2892.98,2642.17,2741.07,192.5134352417162
1622160000,2745.25,2762.91,2667.99,2715.71,2733.35,2763.64,2668.85,2714.99,192.25792430711968